{
  "weights": [
    [
      [
        -0.3960462800693126,
        0.5963246427816197,
        0.42604765710595105,
        -0.5568983651166167,
        1.0091616292927703,
        0.9920475635766103,
        -0.998045836603956,
        -0.9277378679495971,
        -0.997839846209116,
        -0.5964956662212069
      ]
    ],
    [
      0.5211833554203469
    ]
  ],
  "scaler": {
    "mean": [
      0.04670296268078853,
      -0.5818869684693994,
      -0.11063060290251168,
      -0.3928796805294421,
      -0.45847532854312517,
      -0.028810038543235283,
      1.2393791421075981,
      0.009757549574091647,
      0.9793645544198345,
      -0.019429822750968717
    ],
    "scale": [
      1.0255004053233725,
      1.7062609351495606,
      1.628540670335428,
      1.4530081073072294,
      1.5635479950434639,
      0.9965181856086034,
      2.3541236010949285,
      0.9752976351542894,
      1.3886231796977901,
      1.6301775705905883
    ]
  }
}